Artist,Number of Songs,Rank
Taylor Swift,245,1
Passenger,218,2
Coldplay,180,3
Drake,162,4
Ed Sheeran,158,5
All Time Low,142,6
OneRepublic,137,7
Kendrick Lamar,134,8
Yellowcard,130,9
Joshua Radin,127,10
Bastille,126,T11
Lupe Fiasco,126,T11
The 1975,109,13
Halsey,108,T14
Logic,108,T14
Ben Rector,105,16
Jasmine Thompson,104,T17
Kanye West,104,T17
Eminem,102,T19
James Blunt,102,T19
Mumford & Sons,99,T21
"Royce Da 5'9""",99,T21
blackbear,98,23
MARINA,93,T24
The Fray,93,T24
Lana Del Rey,92,26
Lifehouse,91,27
Twenty One Pilots,89,28
Joey Bada$$,88,T29
Kodaline,88,T29
Luke Bryan,87,31
Alessia Cara,84,32
J. Cole,82,33
mxmtoon,77,34
Brantley Gilbert,76,35
Phoebe Bridgers,75,T36
The Script,75,T36
Linkin Park,74,38
Kacey Musgraves,72,39
Young the Giant,70,40
Sia,69,41
The Head And The Heart,65,42
Imagine Dragons,63,T43
Vince Staples,63,T43
Fall Out Boy,62,T45
NF,62,T45
Jon Bellion,61,47
Lorde,60,48
Nothing But Thieves,55,49
David Archuleta,53,50
Sam Hunt,51,51
Dave East,49,52
Clairo,48,53
B.o.B,46,54
Handsome Ghost,45,T55
JAY-Z,45,T55
Machine Gun Kelly,44,57
Anderson .Paak,43,T58
Raekwon,43,T58
VÉRITÉ,42,60
Christina Perri,41,61
BANNERS,40,62
6LACK,39,T63
Ariana Grande,39,T63
Big K.R.I.T.,38,T65
Catfish and the Bottlemen,38,T65
The Weeknd,37,67
Jhené Aiko,36,68
Kehlani,34,T69
Lil Wayne,34,T69
Coasts,33,T71
DJ Premier,33,T71
Pusha T,32,73
Kelvin Jones,30,T74
Macklemore,30,T74
Rick Ross,30,T74
Sam Smith,30,T74
Big Sean,29,T78
Cordae,29,T78
Khalid,29,T78
X Ambassadors,29,T78
Florida Georgia Line,28,82
Russ,27,T83
Shawn Mendes,27,T83
Future,26,T85
Nicki Minaj,26,T85
Roberto Cacciapaglia,26,T85
Skylar Grey,26,T85
A R I Z O N A,25,T89
Adele,25,T89
PRhyme,25,T89
ScHoolboy Q,25,T89
Bea Miller,24,T93
Camila Cabello,24,T93
Meechy Darko,24,T93
Ab-Soul,23,T96
Flatbush Zombies,23,T96
G-Eazy,23,T96
Justin Bieber,23,T96
2 Chainz,22,T100
Billie Eilish,22,T100
Ghostface Killah,22,T100
One Direction,22,T100
Rihanna,22,T100
Tate McRae,22,T100
Vance Joy,22,T100
Erick the Architect,21,T107
Finish Ticket,21,T107
Kirk Knight,21,T107
Nas,21,T107
RZA,21,T107
Selena Gomez,21,T107
Travis Scott,21,T107
WALK THE MOON,21,T107
Zedd,21,T107
Hopsin,20,T116
Ryan Lewis,20,T116
A$AP Rocky,19,T118
Avicii,19,T118
Bruno Mars,19,T118
Chance the Rapper,19,T118
VIC MENSA,19,T118
Zombie Juice,19,T118
Cole Swindell,18,T124
Lady Gaga,18,T124
Lil Baby,18,T124
Lil Nas X,18,T124
Original Broadway Cast of Hamilton,18,T124
The Lumineers,18,T124
Tyler The Creator,18,T124
Earl Sweatshirt,17,T131
Killer Mike,17,T131
Lin-Manuel Miranda,17,T131
Nyck Caution,17,T131
Quavo,17,T131
Skyzoo,17,T131
U2,17,T131
Apollo Brown,16,T138
Bryce Vine,16,T138
Childish Gambino,16,T138
John Legend,16,T138
T.I.,16,T138
Yelawolf,16,T138
Common,15,T144
DaBaby,15,T144
El-P,15,T144
Post Malone,15,T144
Run The Jewels,15,T144
Ryan Tedder,15,T144
Sara Bareilles,15,T144
The Chainsmokers,15,T144
Wale,15,T144
21 Savage,14,T153
Breaking Benjamin,14,T153
Demi Lovato,14,T153
Mac Miller,14,T153
Maren Morris,14,T153
Marshmello,14,T153
Method Man,14,T153
Panic! At The Disco,14,T153
Robin Schulz,14,T153
Romeo Santos,14,T153
Wu-Tang Clan,14,T153
Beyoncé,13,T164
Jay Rock,13,T164
KXNG Crooked,13,T164
Ryan Caraveo,13,T164
The Avett Brothers,13,T164
Ty Dolla $ign,13,T164
5 Seconds of Summer,12,T170
A Tribe Called Quest,12,T170
Alex Goot,12,T170
Better Oblivion Community Center,12,T170
Charli XCX,12,T170
Cold War Kids,12,T170
Conor Oberst,12,T170
Green Day,12,T170
Grimes,12,T170
Harry Styles,12,T170
Inspectah Deck,12,T170
Kid Cudi,12,T170
Maroon 5,12,T170
Meek Mill,12,T170
Miguel,12,T170
Mikky Ekko,12,T170
Offset,12,T170
Rapsody,12,T170
The National Parks,12,T170
Train,12,T170
Cardi B,11,T190
David Guetta,11,T190
Dierks Bentley,11,T190
Ellie Goulding,11,T190
Frank Ocean,11,T190
George Ezra,11,T190
James Bay,11,T190
Jay Electronica,11,T190
King Princess,11,T190
Leslie Odom Jr.,11,T190
NEEDTOBREATHE,11,T190
Olivia Rodrigo,11,T190
Sundara Karma,11,T190
A$AP Twelvyy,10,T203
Colbie Caillat,10,T203
DJ Khaled,10,T203
Diplo,10,T203
French Montana,10,T203
Issa Gold,10,T203
Jaden,10,T203
Joell Ortiz,10,T203
Kelly Clarkson,10,T203
Meghan Trainor,10,T203
Miley Cyrus,10,T203
Niall Horan,10,T203
Nikki Jean,10,T203
Snoop Dogg,10,T203
Sturgill Simpson,10,T203
Young Thug,10,T203
A$AP Ferg,9,T219
AKTHESAVIOR,9,T219
Alesso,9,T219
Aloe Blacc,9,T219
Banks & Steelz,9,T219
Bebe Rexha,9,T219
Black Thought,9,T219
Busta Rhymes,9,T219
Calvin Harris,9,T219
Charlie Puth,9,T219
Chris Brown,9,T219
FINNEAS,9,T219
Hozier,9,T219
Jason Derulo,9,T219
Jason Wade,9,T219
Katy Perry,9,T219
Keith Urban,9,T219
Kesha,9,T219
Kygo,9,T219
Lauv,9,T219
Lil Durk,9,T219
Mat Kearney,9,T219
Nick Jonas,9,T219
Paul Banks,9,T219
Wiz Khalifa,9,T219
XXXTENTACION,9,T219
ZAYN,9,T219
dvsn,9,T219
A Great Big World,8,T247
Bas,8,T247
Black Eyed Peas,8,T247
Carrie Underwood,8,T247
Colby Keeling,8,T247
Danny Gonzalez,8,T247
Daveed Diggs,8,T247
Dean Lewis,8,T247
Dr. Dre,8,T247
Dua Lipa,8,T247
Ella Henderson,8,T247
Galantis,8,T247
Harry Hudson,8,T247
Jack Harlow,8,T247
Jason Mraz,8,T247
Justin Timberlake,8,T247
Lil Uzi Vert,8,T247
Masta Killa,8,T247
Mr. Porter,8,T247
P!nk,8,T247
Pitbull,8,T247
Rams,8,T247
Statik Selektah,8,T247
Styles P,8,T247
The Game,8,T247
The-Dream,8,T247
Travis Barker,8,T247
Troye Sivan,8,T247
Wild Rivers,8,T247
YG,8,T247
Zac Brown Band,8,T247
Action Bronson,7,T278
Adam Lambert,7,T278
Beast Coast,7,T278
Bob Dylan,7,T278
CHVRCHES,7,T278
CeeLo Green,7,T278
Daughtry,7,T278
Elton John,7,T278
Florence + The Machine,7,T278
GZA,7,T278
Hillsong Young & Free,7,T278
Joe Budden,7,T278
Julien Baker,7,T278
Kodak Black,7,T278
Labrinth,7,T278
Lady A,7,T278
Lucy Dacus,7,T278
Ludacris,7,T278
Madonna,7,T278
Migos,7,T278
Natasha Bedingfield,7,T278
Ne-Yo,7,T278
Okieriete Onaodowan,7,T278
PARTYNEXTDOOR,7,T278
Pell,7,T278
Raury,7,T278
Roddy Ricch,7,T278
SZA,7,T278
Slaughterhouse,7,T278
Steve Aoki,7,T278
Tech N9ne,7,T278
The Underachievers,7,T278
The Wombats,7,T278
U-God,7,T278
50 Cent,6,T312
Adam Levine,6,T312
Bazzi,6,T312
CJ Fly,6,T312
Cappadonna,6,T312
Cassadee Pope,6,T312
Conrad Sewell,6,T312
Doja Cat,6,T312
Enrique Iglesias,6,T312
Five For Fighting,6,T312
Flo Rida,6,T312
Gavin DeGraw,6,T312
John Mayer,6,T312
Juicy J,6,T312
Lecrae,6,T312
Mike Posner,6,T312
Mitski,6,T312
Nate Ruess,6,T312
Oh Wonder,6,T312
Ol' Dirty Bastard,6,T312
Patrick Stump,6,T312
Phillipa Soo,6,T312
Rob Thomas,6,T312
Sabrina Carpenter,6,T312
Stormzy,6,T312
Tee Grizzley,6,T312
The Neighbourhood,6,T312
Tiësto,6,T312
Usher,6,T312
A Boogie Wit da Hoodie,5,T341
Andy Grammer,5,T341
Anthony Ramos,5,T341
BTS,5,T341
Becky G,5,T341
Bon Iver,5,T341
Craig David,5,T341
Dizzy Wright,5,T341
E-40,5,T341
Iggy Azalea,5,T341
J Balvin,5,T341
Jeezy,5,T341
Kaelin Ellis,5,T341
Kenny G,5,T341
Lindsey Stirling,5,T341
Luis Fonsi,5,T341
Madeon,5,T341
Megan Thee Stallion,5,T341
MisterWives,5,T341
Muse,5,T341
Naughty Boy,5,T341
Nico & Vinz,5,T341
Of Monsters and Men,5,T341
Olly Murs,5,T341
Other People's Heartache,5,T341
Pharrell Williams,5,T341
Pop Smoke,5,T341
Rag'n'Bone Man,5,T341
Rixton,5,T341
Rudimental,5,T341
Sarah Green,5,T341
Seeb,5,T341
Tori Kelly,5,T341
Trae Tha Truth,5,T341
WESTSIDE BOOGIE,5,T341
will.i.am,5,T341
Alec Benjamin,4,T377
Alle Farben,4,T377
Avril Lavigne,4,T377
BJ The Chicago Kid,4,T377
Baaba Maal,4,T377
Bad Meets Evil,4,T377
Bilal,4,T377
Billy Currington,4,T377
Black Hippy,4,T377
Capital Steez,4,T377
Cash Cash,4,T377
Cody Simpson,4,T377
CyHi,4,T377
D12,4,T377
Daddy Yankee,4,T377
Danny Brown,4,T377
Dreamville,4,T377
Elle King,4,T377
Fabolous,4,T377
Felix Jaehn,4,T377
Guy Sebastian,4,T377
H.E.R.,4,T377
Hailee Steinfeld,4,T377
Hunter Hayes,4,T377
Isaiah Rashad,4,T377
Jamie N Commons,4,T377
Jason Aldean,4,T377
Jessie J,4,T377
Jonas Brothers,4,T377
Judah & the Lion,4,T377
Juice WRLD,4,T377
KONGOS,4,T377
Kane Brown,4,T377
Kid Quill,4,T377
Kuniva,4,T377
Lance Skiiiwalker,4,T377
MAX,4,T377
MOTHICA,4,T377
Major Lazer,4,T377
Mary Lambert,4,T377
Matt Nathanson,4,T377
Metro Boomin,4,T377
Michael Bublé,4,T377
Mr. Probz,4,T377
Nate Dogg,4,T377
Owl City,4,T377
Rascal Flatts,4,T377
Renée Elise Goldsberry,4,T377
Rhythms Del Mundo,4,T377
Rob Moose,4,T377
Robert Glasper,4,T377
Skizzy Mars,4,T377
Skrillex,4,T377
Swae Lee,4,T377
T'nah Apex,4,T377
T-Pain,4,T377
Takeoff,4,T377
Taylor Bickett,4,T377
The Kid LAROI,4,T377
The Roots,4,T377
The Very Best,4,T377
The Wanted,4,T377
Time For Three,4,T377
Timeflies,4,T377
Tory Lanez,4,T377
Tove Lo,4,T377
Tyler Joseph,4,T377
Virgil Abloh,4,T377
Whittaker,4,T377
YUNGBLUD,4,T377
Years & Years,4,T377
Yo Gotti,4,T377
benny blanco,4,T377
3 Doors Down,3,T450
AJR,3,T450
AWOLNATION,3,T450
Andra Day,3,T450
André 3000,3,T450
Anna Wise,3,T450
BROCKHAMPTON,3,T450
Benny The Butcher,3,T450
Big Red Machine,3,T450
Birdy,3,T450
Bizarre,3,T450
Blake Shelton,3,T450
Blaque Keyz,3,T450
Carly Paige,3,T450
Carly Rae Jepsen,3,T450
Casey Veggies,3,T450
Cashmere Cat,3,T450
Cheat Codes,3,T450
Chris Stapleton,3,T450
Christopher Jackson,3,T450
Chuck Strangers,3,T450
Clean Bandit,3,T450
Cocaine 80s,3,T450
Conway,3,T450
Curren$y,3,T450
Da$H,3,T450
Daya,3,T450
Dillon Francis,3,T450
Disclosure,3,T450
Donnie Trumpet & The Social Experiment,3,T450
Echosmith,3,T450
Eric Church,3,T450
Eric Turner,3,T450
Erik Hassle,3,T450
Fort Minor,3,T450
Foxes,3,T450
Freddie Gibbs,3,T450
Glenn Morrison,3,T450
Gucci Mane,3,T450
Gunna,3,T450
HAIM,3,T450
Hillsong UNITED,3,T450
ILLENIUM,3,T450
Islove,3,T450
J.U.S.T.I.C.E League,3,T450
Jack Ü,3,T450
Jadakiss,3,T450
James Fauntleroy,3,T450
Jeremih,3,T450
Jerry Borgé,3,T450
John Newman,3,T450
Jonathan Groff,3,T450
Joyner Lucas,3,T450
Julia Michaels,3,T450
K'NAAN,3,T450
KYLE,3,T450
Kianja,3,T450
Kid Ink,3,T450
Kid Rock,3,T450
King Kendrick,3,T450
Kris Allen,3,T450
Kurt Hugo Schneider,3,T450
LSD,3,T450
Leona Lewis,3,T450
Life of Dillon,3,T450
Lil Yachty,3,T450
Lizzo,3,T450
Lloyd Banks,3,T450
Ludovico Einaudi,3,T450
Lukas Graham,3,T450
MAGIC!,3,T450
MKTO,3,T450
Mark Ronson,3,T450
Marsha Ambrosius,3,T450
Matthew Santos,3,T450
Michele Fedrigotti,3,T450
Milky Chance,3,T450
NAV,3,T450
Nipsey Hussle,3,T450
Paramore,3,T450
Paul McCartney,3,T450
Peter James,3,T450
Phillip Phillips,3,T450
Phoebe Ryan,3,T450
Playboi Carti,3,T450
Portugal. The Man,3,T450
Powers Pleasant,3,T450
Q-Tip,3,T450
ROZES,3,T450
Red,3,T450
Royal Philharmonic Orchestra,3,T450
Sam Feldt,3,T450
Sean Paul,3,T450
Sebastian Ingrosso,3,T450
Selena Gomez & The Scene,3,T450
Sevyn Streeter,3,T450
Silk Sonic,3,T450
Spose,3,T450
Stu Larsen,3,T450
Summer Walker,3,T450
Swifty McVay,3,T450
Swizz Beatz,3,T450
TAYA,3,T450
Terrace Martin,3,T450
The All-American Rejects,3,T450
The Beatles,3,T450
The Killers,3,T450
The Mowgli's,3,T450
Thirty Seconds To Mars,3,T450
Timbaland,3,T450
Tiny Meat Gang,3,T450
Trey Songz,3,T450
Two Door Cinema Club,3,T450
Tyga,3,T450
YoungBoy Never Broke Again,3,T450
Zella Day,3,T450
fun.,3,T450
girl in red,3,T450
lovelytheband,3,T450
mansionz,3,T450
24hrs,2,T570
24kGoldn,2,T570
2Pac,2,T570
3LAU,2,T570
6ix9ine,2,T570
A Day To Remember,2,T570
A$AP Mob,2,T570
ARTY,2,T570
Above & Beyond,2,T570
Afrojack,2,T570
Alan Walker,2,T570
Alex Mali,2,T570
Alicia Keys,2,T570
Andrew McMahon in the Wilderness,2,T570
Aquilo,2,T570
Arctic Monkeys,2,T570
Armors,2,T570
Ashley Sorrell,2,T570
Austin Mahone,2,T570
Ava Max,2,T570
Axwell,2,T570
Axwell /\ Ingrosso,2,T570
BANKS,2,T570
BIA,2,T570
BROODS,2,T570
BUNT.,2,T570
Bad Bunny,2,T570
Bad Suns,2,T570
Beatenberg,2,T570
Big Boi,2,T570
Big Gigantic,2,T570
Big Lenbo,2,T570
Billy Blue,2,T570
Billy Ray Cyrus,2,T570
Birdman,2,T570
Bishop Briggs,2,T570
Bleachers,2,T570
Blonde,2,T570
Blxst,2,T570
Bon Jovi,2,T570
Boy & Bear,2,T570
Brandy,2,T570
Brendon Urie,2,T570
Bring Me The Horizon,2,T570
Britt Nicole,2,T570
Broiler,2,T570
Bubba Sparxxx,2,T570
Buddy,2,T570
Bun B,2,T570
CHIKA,2,T570
COIN,2,T570
Cedric Gervais,2,T570
Charlotte OC,2,T570
Chelsea Cutler,2,T570
Chelsea Lankes,2,T570
Chris Martin,2,T570
Chris Young,2,T570
Christina Aguilera,2,T570
Christina Grimmie,2,T570
Consequence,2,T570
Crystal Torres,2,T570
DJ Snake,2,T570
DREAMERS,2,T570
Daft Punk,2,T570
Dagny,2,T570
Dan + Shay,2,T570
Daniel Powter,2,T570
Danny L Harle,2,T570
Delta Rae,2,T570
Descemer Bueno,2,T570
Desiigner,2,T570
Diddy,2,T570
Dido,2,T570
Dixie,2,T570
Domo Genesis,2,T570
Don Toliver,2,T570
Dustin Kensrue,2,T570
Dwele,2,T570
EDEN,2,T570
Eagles,2,T570
Ella Eyre,2,T570
Eluvium,2,T570
Emeli Sandé,2,T570
Emile Haynie,2,T570
Empress Of,2,T570
Fat Joe,2,T570
Felix Cartal,2,T570
Fergie,2,T570
Fetty Wap,2,T570
Fifth Harmony,2,T570
Fireboy DML,2,T570
Fitz and The Tantrums,2,T570
Fleurie,2,T570
Florence Welch,2,T570
Foals,2,T570
Foy Vance,2,T570
Funk Wav,2,T570
Futuristic,2,T570
Gabrielle Aplin,2,T570
Garrett Nash,2,T570
Gary Clark Jr.,2,T570
Gavin James,2,T570
Gavin Mikhail,2,T570
Gemstones,2,T570
Gente De Zona,2,T570
Giorgio Moroder,2,T570
Giveon,2,T570
Gotye,2,T570
Grace,2,T570
Grafh,2,T570
Graham Burris,2,T570
Grey,2,T570
Guster,2,T570
Gwen Stefani,2,T570
Gym Class Heroes,2,T570
Happy Belated,2,T570
Hardwell,2,T570
Hayley Williams,2,T570
Hippo Campus,2,T570
Houndmouth,2,T570
InfaRed,2,T570
Ingrid Michaelson,2,T570
Internet Money,2,T570
Isaac Slade,2,T570
JID,2,T570
Jacquie,2,T570
Jada Facer,2,T570
Jake Miller,2,T570
James Arthur,2,T570
James Blake,2,T570
James Vincent McMorrow,2,T570
Jamila Woods,2,T570
Jarryd James,2,T570
Jay Sean,2,T570
Jeremy Zucker,2,T570
Jess Chalker,2,T570
Jess Glynne,2,T570
Jessie Reyez,2,T570
Jessie Ware,2,T570
Jill Scott,2,T570
Jimmy Eat World,2,T570
Joe Fox,2,T570
Joi,2,T570
Joji,2,T570
Jon D,2,T570
Jonah Matranga,2,T570
Jordan Davis,2,T570
Jordin Sparks,2,T570
Josh Groban,2,T570
Josh Pyke,2,T570
Juanes,2,T570
Jukebox The Ghost,2,T570
Julia Brennan,2,T570
K.Flay,2,T570
KB,2,T570
Kate Miller-Heidke,2,T570
Katie Noonan,2,T570
Kelsea Ballerini,2,T570
Kenneth Whalum,2,T570
Keri Hilson,2,T570
Kevin Ross,2,T570
Keyshia Cole,2,T570
Kid Vishis,2,T570
Kiesza,2,T570
Kiiara,2,T570
Kilo Kish,2,T570
Kina Grannis,2,T570
LANY,2,T570
LOLO,2,T570
Laura Welsh,2,T570
Leroy Sanchez,2,T570
Lewis Capaldi,2,T570
Lido,2,T570
Lil Mosey,2,T570
Lil Tjay,2,T570
Lior,2,T570
Little Kruta,2,T570
Little Mix,2,T570
Logic?,2,T570
Lonely The Brave,2,T570
Lostboycrow,2,T570
Love Renaissance (LVRN),2,T570
Lucy Rose,2,T570
Lungz,2,T570
MGMT,2,T570
MNEK,2,T570
MOD SUN,2,T570
MUNA,2,T570
Madilyn Bailey,2,T570
Majid Jordan,2,T570
Marc Anthony,2,T570
Marc E. Bassy,2,T570
Marc Scibilia,2,T570
Marianas Trench,2,T570
Mark Battles,2,T570
Mark Morrison,2,T570
Martin Garrix,2,T570
Martin Jensen,2,T570
Marty,2,T570
Mary J. Blige,2,T570
Mason Ramsey,2,T570
Matt Berninger,2,T570
Meadowlark,2,T570
Mighty Oaks,2,T570
Missy Elliott,2,T570
Mistah F.A.B.,2,T570
Moneybagg Yo,2,T570
Moonchild,2,T570
Morgan Wallen,2,T570
Moss Kena,2,T570
Mr Hudson,2,T570
Mutemath,2,T570
N.E.R.D,2,T570
NERVO,2,T570
NOTD,2,T570
Nelly,2,T570
Neon Trees,2,T570
Nickelback,2,T570
Nicky Jam,2,T570
No Rome,2,T570
Noah Gundersen,2,T570
Noah Kahan,2,T570
Noname,2,T570
Normal Norman,2,T570
Normani,2,T570
O.A.R.,2,T570
OG Maco,2,T570
Oasis,2,T570
Ojivolta,2,T570
Olivia O'Brien,2,T570
Omen,2,T570
POP ETC,2,T570
Parachute,2,T570
Paradise,2,T570
Pierce The Veil,2,T570
Plain White T's,2,T570
Playboy Tre´,2,T570
PnB Rock,2,T570
Poo Bear,2,T570
Proof,2,T570
Purity Ring,2,T570
R. City,2,T570
R3HAB,2,T570
RM,2,T570
ROSALÍA,2,T570
Ransom,2,T570
Raphael Saadiq,2,T570
Remy Ma,2,T570
Rex Orange County,2,T570
Rexx Life Raj,2,T570
Rico Love,2,T570
Rita Ora,2,T570
Robyn Sherwell,2,T570
Ron Pope,2,T570
Royal Wood,2,T570
RØMANS,2,T570
S. Carey,2,T570
SG Lewis,2,T570
Sage The Gemini,2,T570
Saint Raymond,2,T570
Salim,2,T570
Sam Dew,2,T570
Sampha,2,T570
Sara Kays,2,T570
Sasha Alex Sloan,2,T570
Simon Sayz,2,T570
Sir Sly,2,T570
Sleeping Wolf,2,T570
Smoke DZA,2,T570
Snoh Aalegra,2,T570
Stars of Track and Field,2,T570
Stefflon Don,2,T570
Striking Matches,2,T570
Sufjan Stevens,2,T570
Sugarland,2,T570
Sultan + Shepard,2,T570
Summer of '96,2,T570
Sway,2,T570
TWENTY88,2,T570
Taio Cruz,2,T570
Talib Kweli,2,T570
Teyana Taylor,2,T570
The Chamber Orchestra Of London,2,T570
The Decemberists,2,T570
The Downtown Fiction,2,T570
The Japanese House,2,T570
The Maine,2,T570
The Mind,2,T570
The Presets,2,T570
Thomas Jack,2,T570
Thomas Rhett,2,T570
Thundercat,2,T570
Tim McGraw,2,T570
Tinashe,2,T570
Tinie Tempah,2,T570
Tom Morello,2,T570
Travis Mendes,2,T570
Tritonal,2,T570
Troi Irons Irons,2,T570
Twista,2,T570
Us The Duo,2,T570
Valise,2,T570
Vampire Weekend,2,T570
Vice,2,T570
Victoria Monét,2,T570
Waterparks,2,T570
We The Kings,2,T570
Westside Gunn,2,T570
White Gold,2,T570
Will Champlin,2,T570
Willy William,2,T570
Witt Lowry,2,T570
Wrabel,2,T570
Xzibit,2,T570
Yiruma,2,T570
YouNotUs,2,T570
Young Bombs,2,T570
Young M.A,2,T570
Zacari,2,T570
Zaytoven,2,T570
Zendaya,2,T570
Zoë Johnston,2,T570
dodie,2,T570
for KING & COUNTRY,2,T570
iann dior,2,T570
lil aaron,2,T570
mike.,2,T570
$VN,1,T897
*NSYNC,1,T897
070 Shake,1,T897
1990nowhere,1,T897
888,1,T897
88rising,1,T897
93PUNX,1,T897
99 Percent,1,T897
A$AP ANT,1,T897
A$AP NAST,1,T897
AM Static,1,T897
ARCHIS,1,T897
ARMNHMR,1,T897
ATC,1,T897
ATO,1,T897
AUGUST 08,1,T897
AURORA,1,T897
Aaron Krause,1,T897
Aaron Richards,1,T897
Aaron Sprinkle,1,T897
Aaron West and The Roaring Twenties,1,T897
Aaryan Shah,1,T897
Ab-Liva,1,T897
Abandoning Sunday,1,T897
Abby Gundersen,1,T897
Absofacto,1,T897
Adam Barnes,1,T897
Addal,1,T897
Adeline Hill,1,T897
Adria,1,T897
Ady Suleiman,1,T897
Agent Sasco (Assassin),1,T897
Air Traffic Controller,1,T897
AirLands,1,T897
Aitch,1,T897
Alabama Shakes,1,T897
Alanis Morissette,1,T897
Albey Balgochian,1,T897
Alex & Sierra,1,T897
Alex Dunaway,1,T897
Alex G,1,T897
Alex Winston,1,T897
Alexander 23,1,T897
Alexander Pappas,1,T897
Ali Gatie,1,T897
Ali Tamposi,1,T897
Alice Merton,1,T897
Alison Krauss,1,T897
All We Are,1,T897
Allday,1,T897
Allen Stone,1,T897
Alli Fitz,1,T897
Allison Weiss,1,T897
Aluna,1,T897
AlunaGeorge,1,T897
Aly & AJ,1,T897
Alyssa Micaela,1,T897
Amanda Reifer,1,T897
Amanda Shires,1,T897
Ambré,1,T897
Amir,1,T897
Anberlin,1,T897
Andrea Bocelli,1,T897
AndreaLo,1,T897
Andreas Moss,1,T897
Andrelli,1,T897
Andrew & Veda,1,T897
Andrew Combs,1,T897
Andrez Babii,1,T897
Andy Kong,1,T897
Andy Mineo,1,T897
Angel Haze,1,T897
Angus & Julia Stone,1,T897
Anna Renee,1,T897
Anna Yvette,1,T897
Anna of the North,1,T897
Anne-Marie,1,T897
Annika Wells,1,T897
Ansel Elgort,1,T897
Anthem Lights,1,T897
Anthony Flammia,1,T897
Anthony Hamilton,1,T897
Ariana DeBoo,1,T897
Arin Ray,1,T897
Armin van Buuren,1,T897
Arms Akimbo,1,T897
Arnór Dan,1,T897
Arrow Benjamin,1,T897
Artz,1,T897
Ashdown,1,T897
Ashe,1,T897
Ashley Monroe,1,T897
Ashtar Command,1,T897
Aso,1,T897
Assala Nasri,1,T897
Astrid S,1,T897
Astyn Turr,1,T897
Atlas Genius,1,T897
Attom,1,T897
Audien,1,T897
Audra Mae,1,T897
August Alsina,1,T897
August York,1,T897
Auli'i Cravalho,1,T897
Ayesha Jaco,1,T897
Ayo215,1,T897
Azealia Banks,1,T897
B Wheezy,1,T897
B-Sights,1,T897
BADBADNOTGOOD,1,T897
BBC Concert Orchestra,1,T897
BIM,1,T897
BONES,1,T897
BOTCASH,1,T897
BRELAND,1,T897
Baby Keem,1,T897
Backstreet Boys,1,T897
Bad Wolves,1,T897
Bahari,1,T897
Bailey Jehl,1,T897
Barcelona,1,T897
Baron Bodnar,1,T897
Bashment,1,T897
Beach Bunny,1,T897
Beanie Sigel,1,T897
Bear's Den,1,T897
Beatrice Eli,1,T897
Beck,1,T897
Bellarive,1,T897
Ben Bridwell,1,T897
Ben Chandler,1,T897
Ben Platt,1,T897
Ben Schuller,1,T897
Benjamin Gustafsson,1,T897
Best Coast,1,T897
BetaTraxx,1,T897
Beth Gibbons,1,T897
Betty Who,1,T897
Betty Wright,1,T897
Between The Trees,1,T897
Bianca Sings,1,T897
Big Body Bes,1,T897
Big Daddy Weave,1,T897
Billy Boyd,1,T897
Billy Winfield,1,T897
Bishop Edgar Jackson,1,T897
Bishop G,1,T897
Black Coast,1,T897
Black Coffee,1,T897
Blind Pilot,1,T897
BloodPop®,1,T897
Blue October,1,T897
Bobby Johnson,1,T897
Bohnes,1,T897
Boosie Badazz,1,T897
Border Bucc,1,T897
Boy Kiss Girl,1,T897
Boys Like Girls,1,T897
Bradley Cooper,1,T897
Brady Schmitz,1,T897
Brandon Flowers,1,T897
Brennan Henderson,1,T897
Bret Paddock,1,T897
Brett Eldredge,1,T897
Brett Young,1,T897
Brian Campeau,1,T897
Brian Wilson,1,T897
Bright Eyes,1,T897
Bright Lights,1,T897
Brika,1,T897
Brooke Griffith,1,T897
Brooke Young,1,T897
Brooks & Dunn,1,T897
Brothers Osborne,1,T897
Bryce Fox,1,T897
Bryson Tiller,1,T897
Buddha Monk,1,T897
Buddy Miller,1,T897
Buffalo Madonna,1,T897
Bugy,1,T897
Buk,1,T897
Burniss Earl Travis II,1,T897
BØRNS,1,T897
CAZZETTE,1,T897
CJ,1,T897
Ca$his,1,T897
Cadillac Cass,1,T897
Cage The Elephant,1,T897
Cahb,1,T897
Caitlyn Scarlett,1,T897
Call Me Karizma,1,T897
Calum Scott,1,T897
Cam,1,T897
Camden Welles,1,T897
Cameron Potts,1,T897
Cam’ron,1,T897
Canaan Smith,1,T897
Canto,1,T897
Capital Cities,1,T897
Captain Cuts,1,T897
Carolina Liar,1,T897
Casa Di,1,T897
Cassie,1,T897
Cassius,1,T897
Casting Crowns,1,T897
Castlecomer,1,T897
Cat Power,1,T897
Chamillionaire,1,T897
Chance Peña,1,T897
Chantal,1,T897
Charlee,1,T897
Charles Jones,1,T897
Charlie Curtis-Beard,1,T897
Charlie Pittman,1,T897
Chase Rice,1,T897
Chauncy Sherod,1,T897
Chaz Bundick,1,T897
Cher,1,T897
Cher Lloyd,1,T897
Cherokee,1,T897
Chicago Children's Choir,1,T897
Childish Major,1,T897
Chill's Spotlight,1,T897
Chilly Gonzales,1,T897
Chloe Lilac,1,T897
Chris Jones,1,T897
Chris Lane,1,T897
Chris Rock,1,T897
Chris Turner,1,T897
Christian Burghardt,1,T897
Christianne Jensen,1,T897
Chromeo,1,T897
Chronixx,1,T897
Chuck D,1,T897
Chuuwee,1,T897
Ciaran Lavery,1,T897
Cisco Adler,1,T897
Clams Casino,1,T897
Clean Cut Kid,1,T897
Clinton Sparks,1,T897
Clipse,1,T897
Cody Fry,1,T897
Col3trane,1,T897
Colby O'Donis,1,T897
Coleman Hell,1,T897
Collie Buddz,1,T897
Collins,1,T897
Colony House,1,T897
Color Study,1,T897
Colt Ford,1,T897
Colton Dixon,1,T897
Contraband,1,T897
Copeland,1,T897
Corey Gray,1,T897
Costi,1,T897
Counting Crows,1,T897
Cozz,1,T897
Crystal Lake,1,T897
Cuco,1,T897
Curley The 5th,1,T897
Curtis Smith,1,T897
Cynthia Erivo,1,T897
D Double E,1,T897
D'banj,1,T897
D.O.E.,1,T897
DDG,1,T897
DJ Dahi,1,T897
DJ Frank E,1,T897
DNCE,1,T897
Dado,1,T897
Daley,1,T897
Damian Lemar Hudson,1,T897
Damian Marley,1,T897
Dan Caplen,1,T897
Dan Croll,1,T897
Dan Smith,1,T897
Dan The Automator,1,T897
Daniel Caesar,1,T897
Daniel Johns,1,T897
Danielle Haim,1,T897
Danielle Swift,1,T897
Danny Diezel,1,T897
Danny Gokey,1,T897
Danny O'Donoghue,1,T897
Darius Rucker,1,T897
Daughter,1,T897
Dave,1,T897
Dave Edwards,1,T897
Dave Gutter,1,T897
David Nail,1,T897
Dawes,1,T897
Dawn Golden,1,T897
Daylyt,1,T897
De La Soul,1,T897
DeJ Loaf,1,T897
Deadcuts,1,T897
Death Cab for Cutie,1,T897
Dee-1,1,T897
Dermot Kennedy,1,T897
Desi Mo,1,T897
Dessy,1,T897
Dessy Hinds,1,T897
Detail,1,T897
Devlin,1,T897
Devvon Terrell,1,T897
Dia Frampton,1,T897
Dice Raw,1,T897
Diddy - Dirty Money,1,T897
Diego Boneta,1,T897
Dijon,1,T897
Dirty Money Music Group,1,T897
Dirty South,1,T897
Dodgr,1,T897
Dolly Parton,1,T897
Dom Kennedy,1,T897
Don Diablo,1,T897
Don Omar,1,T897
Doom,1,T897
Drew Gooden,1,T897
Dria,1,T897
DyMe-A-DuZiN,1,T897
Dyce Payne,1,T897
Dyemond Lewis,1,T897
Dylan Gardner,1,T897
Dylan Matthew,1,T897
Dylan Owen,1,T897
ELVIRA,1,T897
East of Avenue,1,T897
Easton Corbin,1,T897
Eden Prince,1,T897
Edward Maya,1,T897
Eighty Ninety,1,T897
El Noble,1,T897
Elana Stone,1,T897
Elena Pinderhughes,1,T897
Elephante,1,T897
Eleven Past One,1,T897
Elijah Blake,1,T897
Elisa,1,T897
Eliza & The Delusionals,1,T897
Ella Mai,1,T897
Elle Varner,1,T897
Elliott Yamin,1,T897
Elzhi,1,T897
Emay,1,T897
Emilio Rojas,1,T897
Emma Zander,1,T897
Emmylou Harris,1,T897
Eric Hutchinson,1,T897
Eric Paslay,1,T897
Eric Prydz,1,T897
Erykah Badu,1,T897
Eryn Allen Kane,1,T897
Estelle,1,T897
Ester Dean,1,T897
Esthero,1,T897
Ethan Gruska,1,T897
Evan Roman,1,T897
Evidence,1,T897
Ezra Vine,1,T897
FRANKIE,1,T897
FRENSHIP,1,T897
FRND,1,T897
Faith Hill,1,T897
Falling In Reverse,1,T897
Fam-Lay,1,T897
Far East Movement,1,T897
Fashawn,1,T897
Father John Misty,1,T897
Fatt Father,1,T897
Faul & Wad,1,T897
Faydee,1,T897
Fedde Le Grand,1,T897
Fences,1,T897
Ferras,1,T897
Fickle Friends,1,T897
Finn Matthews,1,T897
Fiona Apple,1,T897
Flawless Real Talk,1,T897
Flew'd,1,T897
Flying Lotus,1,T897
For The Foxes,1,T897
Former Vandal,1,T897
Foster The People,1,T897
Fousheé,1,T897
Francesco Yates,1,T897
Franchise,1,T897
Francis and the Lights,1,T897
Freeway,1,T897
Frightened Rabbit,1,T897
G Herbo,1,T897
G.R.L.,1,T897
GASHI,1,T897
GRADES,1,T897
Gabrielle Huber,1,T897
Gallant,1,T897
Gang Starr,1,T897
Gangsta Boo,1,T897
Gary Lightbody,1,T897
Gatton,1,T897
Gemini,1,T897
George Clinton,1,T897
Gerald Ko,1,T897
Ghetts,1,T897
Ghost Loft,1,T897
Gibbz,1,T897
Giggs,1,T897
Gin Wigmore,1,T897
Gizzle,1,T897
Glass Animals,1,T897
Glasses Malone,1,T897
Glen Power,1,T897
Glen Templeton,1,T897
Gloriana,1,T897
Good Times Ahead,1,T897
Grace Mitchell,1,T897
Gracie Abrams,1,T897
Graham Coxon,1,T897
Grapell,1,T897
Great Lake Swimmers,1,T897
Greg Nice,1,T897
Greta Van Fleet,1,T897
Greyson Chance,1,T897
Grouplove,1,T897
Gryffin,1,T897
Gudda Gudda,1,T897
HONNE,1,T897
HUGEL,1,T897
HXLT,1,T897
Haneef Talib,1,T897
Hans.,1,T897
Hanson,1,T897
Harriette,1,T897
Hawk Nelson,1,T897
Hearts & Colors,1,T897
Hearts Like Lions,1,T897
Hedley,1,T897
Hedonism,1,T897
Henri PFR,1,T897
Heyder,1,T897
Higher Brothers,1,T897
Hilary Duff,1,T897
Hit-Boy,1,T897
Holley Maher,1,T897
Holly Henry,1,T897
Hollywood Undead,1,T897
Holy Esque,1,T897
Hoobastank,1,T897
Hoodie Allen,1,T897
Hotspur,1,T897
How I Became the Bomb,1,T897
Howard,1,T897
Hurricane Love,1,T897
Hurts,1,T897
Hussain Aljassmi,1,T897
Hypnotic Brass Ensemble,1,T897
I-C,1,T897
ILOVEMAKONNEN,1,T897
Ibeyi,1,T897
Idris Elba,1,T897
Idris Muhammad,1,T897
Ilsey,1,T897
Imogen Heap,1,T897
Ingrid Andress,1,T897
Ink,1,T897
J Hus,1,T897
J. Ivy,1,T897
JAHKOY,1,T897
JAMESDAVIS,1,T897
JDM Global,1,T897
JORDY,1,T897
JP Saxe,1,T897
JR & PH7,1,T897
Jacaranda,1,T897
Jack Jezzro,1,T897
Jackpot Scotty Wotty,1,T897
Jackson Browne,1,T897
Jacob Banks,1,T897
Jacob Collier,1,T897
Jacopo Facchini,1,T897
Jake Owen,1,T897
Jake Scott,1,T897
Jake Torrey,1,T897
Jakob,1,T897
Jakwob,1,T897
James Newton Howard,1,T897
James Wolpert,1,T897
Jamestown Story,1,T897
Jamey Johnson,1,T897
Jamie Lawson,1,T897
Jamie Miller,1,T897
Jamie Scott,1,T897
Jamie xx,1,T897
Jane $$$,1,T897
Janelle Monáe,1,T897
Japanese Breakfast,1,T897
Jarren Benton,1,T897
Jasmine Cephas-Jones,1,T897
Jason Evigan,1,T897
Jason Isbell,1,T897
Jason Isbell and the 400 Unit,1,T897
Jason Zhang,1,T897
Javada,1,T897
Jawsh 685,1,T897
Jaykae,1,T897
Jayme Dee,1,T897
Jazmine Sullivan,1,T897
Jazzy Amra,1,T897
Jebase,1,T897
Jeffrey James,1,T897
Jeffrey Jey,1,T897
Jenaux,1,T897
Jennifer Hudson,1,T897
Jennifer Lawrence,1,T897
Jennifer Lopez,1,T897
Jeremiah Carlson,1,T897
Jerrod Niemann,1,T897
Jerry Douglas,1,T897
Jesse Boykins III,1,T897
Jessica Hart,1,T897
Jessica Lea Mayfield,1,T897
Jhameel,1,T897
Jill Andrews,1,T897
Jillian Edwards,1,T897
Jme,1,T897
JoJo,1,T897
Joe Cocker,1,T897
Joel Ansett,1,T897
Joey Fernandez,1,T897
Joeytee,1,T897
John & Michel,1,T897
John Denver,1,T897
John Garrison,1,T897
John Givez,1,T897
John Lennon,1,T897
John Mark McMillan,1,T897
John Martin,1,T897
Jon Connor,1,T897
Jon Guerra,1,T897
Jon McLaughlin,1,T897
Jonas Blue,1,T897
"Jonathan ""JR"" Rotem",1,T897
Jordy Searcy,1,T897
Jorgen Odegard,1,T897
Jorja Smith,1,T897
Joseph King,1,T897
Josh Abbott Band,1,T897
Josh Homme,1,T897
Josh Moriarty,1,T897
Joshua Bassett,1,T897
José González,1,T897
Journey,1,T897
Judah,1,T897
Jule Vera,1,T897
Julia Sheer,1,T897
Just Blaze,1,T897
Just Juice,1,T897
Justice Skolnik,1,T897
Justin Jesso,1,T897
Justin Moore,1,T897
Justin Nozuka,1,T897
K Theory,1,T897
KALEO,1,T897
KAYTRANADA,1,T897
KHEA,1,T897
KIDS SEE GHOSTS,1,T897
KING SOL,1,T897
KRANE,1,T897
KSHMR,1,T897
Kadhja Bonet,1,T897
Kae Tempest,1,T897
Kaleb Mitchell,1,T897
Kali Uchis,1,T897
Kamasi Washington,1,T897
Kandle,1,T897
Kanin,1,T897
Karen Fairchild,1,T897
Karmin,1,T897
Kastrom,1,T897
Kat Dahlia,1,T897
Kat Krazy,1,T897
Kathleen,1,T897
Katie Sky,1,T897
Katy Tiz,1,T897
Kazlo,1,T897
Keane,1,T897
Kelly Price,1,T897
Kenan Williams,1,T897
Kendall Morgan,1,T897
Kenny Beats,1,T897
Kenny Chesney,1,T897
Kerli,1,T897
Kevin Abstract,1,T897
Kevin Garrett,1,T897
Kevo Muney,1,T897
Kid Astray,1,T897
Kiing Shooter,1,T897
Killa Kyleon,1,T897
Kimbra,1,T897
King Henry,1,T897
King Los,1,T897
King Pharaoh,1,T897
King100James,1,T897
Kingsfoil,1,T897
Kirk Franklin,1,T897
Kito,1,T897
Knox Fortune,1,T897
Kobe Honeycutt,1,T897
Kool Keith,1,T897
Kopecky,1,T897
Kris Stephens,1,T897
Kristinia DeBarge,1,T897
Krizz Kaliko,1,T897
Ktlyn,1,T897
Kuba Oms,1,T897
Kyla,1,T897
Kyla La Grange,1,T897
L,1,T897
LITTLE INDIA,1,T897
LLusion,1,T897
LODATO,1,T897
LOONA,1,T897
Landon Pigg,1,T897
Laura Marling,1,T897
Laura Pausini,1,T897
Lauren Daigle,1,T897
Lauren Jauregui,1,T897
Lauriana Mae,1,T897
Led Zeppelin,1,T897
Lee Brice,1,T897
Lennon Stella,1,T897
Leon Arcade,1,T897
Leon Bridges,1,T897
Leslie Grace,1,T897
Leto,1,T897
Lights,1,T897
Lights & Motion,1,T897
Lil Jon,1,T897
Lil Peep,1,T897
Lil Pump,1,T897
Lilly Wood and The Prick,1,T897
Lily Allen,1,T897
Lily Moore,1,T897
Lindsay Ell,1,T897
Lindsey Stamey,1,T897
Linus Young,1,T897
Lisbon,1,T897
Little Simz,1,T897
Liz Longley,1,T897
Loaded Lux,1,T897
Local Natives,1,T897
Locals Only Sound,1,T897
Lookas,1,T897
Loote,1,T897
Lord Huron,1,T897
Lost Frequencies,1,T897
Lost Kings,1,T897
Louis Tomlinson,1,T897
Louisa Wendorff,1,T897
Love and Theft,1,T897
Lower Dens,1,T897
Lucas Silver,1,T897
Lucenzo,1,T897
Lukas Nelson,1,T897
Luke Combs,1,T897
Luke James,1,T897
Lyfe Jennings,1,T897
Lykke Li,1,T897
Lzzy Hale,1,T897
Låpsley,1,T897
M Shadows,1,T897
M. Maggie,1,T897
M83,1,T897
MD$,1,T897
MDMA,1,T897
MOTi,1,T897
Macy Gray,1,T897
Made in Heights,1,T897
Madeline,1,T897
Madison Iman,1,T897
Madlib,1,T897
Magic Man,1,T897
Makarel,1,T897
Mally Stakz,1,T897
Manchester Orchestra,1,T897
Mansions On The Moon,1,T897
Mara Hruby,1,T897
Maria Taylor,1,T897
Mariah Angeliq,1,T897
Mariah Carey,1,T897
Marie Miller,1,T897
Marika Hackman,1,T897
Mark Diamond,1,T897
Mark Sheehan,1,T897
Marlon Craft,1,T897
Marlon Roudette,1,T897
Marrick Smith,1,T897
Marv Won,1,T897
Masked Wolf,1,T897
Matchbox Twenty,1,T897
Math Hoffa,1,T897
Mating Ritual,1,T897
Matt Black,1,T897
Matt Cardle,1,T897
Matt Corby,1,T897
Matt Maeson,1,T897
Matt McAndrew,1,T897
Matt Patterson,1,T897
Matthew Koma,1,T897
Matthew Schuler,1,T897
Maverick Sabre,1,T897
Mavis Staples,1,T897
Max and the Moon,1,T897
Maxwell Young,1,T897
Mayday Parade,1,T897
Mean Doe Green,1,T897
Megan Nicole,1,T897
Melanie C,1,T897
Melanie Fiona,1,T897
Melanie Martinez,1,T897
Mello,1,T897
Mellow Fellow,1,T897
Mew,1,T897
Meyhem Lauren,1,T897
Michael Brun,1,T897
Michael Jackson,1,T897
Michael Warren,1,T897
Michael Woods,1,T897
Miike Snow,1,T897
Mike Shinoda,1,T897
Mike Slap,1,T897
Mikill Pane,1,T897
Milo Greene,1,T897
Mini Mansions,1,T897
Miracle,1,T897
Miyagi,1,T897
Mobb Deep,1,T897
Mochi,1,T897
Mohombi,1,T897
Money Man,1,T897
Moonflwr,1,T897
Moosh & Twist,1,T897
Morgan Freeman,1,T897
Morrissey,1,T897
Mos Def,1,T897
Mura Masa,1,T897
Murda Beatz,1,T897
Musiq Soulchild,1,T897
My Digital Enemy,1,T897
My cousin Nicole,1,T897
MØ,1,T897
Na' kel,1,T897
Naderi,1,T897
Namiko,1,T897
Nat Dunn,1,T897
Natalie Taylor,1,T897
Nathan Pacheco,1,T897
Nathan Sykes,1,T897
Natti Natasha,1,T897
Nayer,1,T897
Negramaro,1,T897
Neil deGrasse Tyson,1,T897
Neon Hitch,1,T897
New Arcades,1,T897
New Hollow,1,T897
New Politics,1,T897
Newsboys,1,T897
Nicholas Petricca,1,T897
Nicholas Roberts,1,T897
Nick Fradiani,1,T897
Nick Grant,1,T897
Nick Howard,1,T897
Nick Talos,1,T897
Nicky Youre,1,T897
Night Terrors of 1927,1,T897
Nikki Flores,1,T897
Nikki Lane,1,T897
Nikki Williams,1,T897
Nikki Yanofsky,1,T897
Niklas Ibach,1,T897
Nina Kinert,1,T897
Nina Nesbitt,1,T897
Nirvana,1,T897
No I.D,1,T897
Noah Cyrus,1,T897
Noel Hogan,1,T897
Northern Faces,1,T897
Nottz,1,T897
Novel,1,T897
Nuka,1,T897
OG,1,T897
Ocean Park Standoff,1,T897
Ocelot,1,T897
Ofenbach,1,T897
Olivver the Kid,1,T897
Olodum,1,T897
On-j,1,T897
One Eskimo,1,T897
Oswin Benjamin,1,T897
Owkey,1,T897
Oyinda,1,T897
Oystein Greni,1,T897
Ozuna,1,T897
Ozzy Osbourne,1,T897
P Money,1,T897
P.U.R.E,1,T897
PRO ERA,1,T897
PUBLIC,1,T897
PVRIS,1,T897
Pabllo Vittar,1,T897
Page Kennedy,1,T897
Pale Waves,1,T897
Panama Wedding,1,T897
Paper Lions,1,T897
Parade of Lights,1,T897
Paradise Fears,1,T897
Parson James,1,T897
Passion Pit,1,T897
Patty Crash,1,T897
Paul Simon,1,T897
Paulo Londra,1,T897
Peachy!,1,T897
Pentatonix,1,T897
Peter Frampton,1,T897
Peter Gabriel,1,T897
Peter Thomas,1,T897
Phonte,1,T897
Pimp C,1,T897
Pink Gloves,1,T897
Pink Sweat$,1,T897
Pixie Lott,1,T897
Plug In Stereo,1,T897
Polo G,1,T897
Pooh Bear,1,T897
Powfu,1,T897
Prelow,1,T897
Prince Royce,1,T897
Prince Woods,1,T897
Priscilla,1,T897
Problem,1,T897
Public Enemy,1,T897
Punch,1,T897
Pussy Riot,1,T897
QuESt,1,T897
Queen Latifah,1,T897
Quincy Jones,1,T897
Quinn XCII,1,T897
R. Kelly,1,T897
R.E.M.,1,T897
R3ne,1,T897
RAC,1,T897
RILEY,1,T897
RIZ LA VIE,1,T897
RTE Orchestra,1,T897
Ra Ra Riot,1,T897
Rachel Platten,1,T897
Rachel Taylor,1,T897
Rae Sremmurd,1,T897
Rakim,1,T897
Raleigh Ritchie,1,T897
Random Impulse,1,T897
Randy Houser,1,T897
Ras Kass,1,T897
Ratatat,1,T897
Rationale,1,T897
Ray Boudreaux,1,T897
Ray Dalton,1,T897
Raz Simone,1,T897
Red Hot Chili Peppers,1,T897
Reginae Carter,1,T897
Reignwolf,1,T897
Rejjie Snow,1,T897
Remo,1,T897
Restless Modern,1,T897
Rich Brian,1,T897
Rich Gang,1,T897
Rich Homie Quan,1,T897
Ricky Martin,1,T897
Ricky Montgomery,1,T897
Rico Nasty,1,T897
Rio Santana,1,T897
Rise Against,1,T897
Rivers Cuomo,1,T897
Robin M Christopher,1,T897
Robin Smith,1,T897
Roc Marciano,1,T897
Rock Mafia,1,T897
Rod Stewart,1,T897
Rod Wave,1,T897
Rodrigo y Gabriela,1,T897
Rokamouth,1,T897
Romy,1,T897
Roméo Testa,1,T897
Ronald Isley,1,T897
Rondo,1,T897
Roo Panes,1,T897
Roscoe Dash,1,T897
Roses & Revolutions,1,T897
Roy English,1,T897
Royal Blood,1,T897
Rozzi,1,T897
Ruby Turner,1,T897
Rudi VIP,1,T897
Ruelle,1,T897
Ruff Loaderz,1,T897
Rufus Wainwright,1,T897
Ruhde,1,T897
Run River North,1,T897
Rustie,1,T897
Ruston Kelly,1,T897
Rxmn,1,T897
Ryan Bingham,1,T897
S-X,1,T897
SAINT PHNX,1,T897
SAINt JHN,1,T897
SLANDER,1,T897
SNBRN,1,T897
SOAK,1,T897
SPINALL,1,T897
SPZRKT,1,T897
SUGA,1,T897
Saba,1,T897
Sage,1,T897
Said The Sky,1,T897
Salaam Remi,1,T897
Sam Woolf,1,T897
Sammy Adams,1,T897
Samsa,1,T897
Santana,1,T897
Santell,1,T897
Santigold,1,T897
Sap,1,T897
Sara Evans,1,T897
Sara Hartman,1,T897
Sara Quin,1,T897
Sarah Blaine,1,T897
Sarah Buxton,1,T897
Sassy 009,1,T897
Satellite Stories,1,T897
Saudi,1,T897
Saul Williams,1,T897
Saweetie,1,T897
Scarface,1,T897
Scars On 45,1,T897
Schuyler Fisk,1,T897
Seabird,1,T897
Sean Ono Lennon,1,T897
Sebastian Kole,1,T897
Sebastian Yatra,1,T897
Secondhand Serenade,1,T897
Secret Nation,1,T897
Secrets,1,T897
Selah Sue,1,T897
Self,1,T897
Serena Ryder,1,T897
Seth Avett,1,T897
Shaboozey,1,T897
Shady,1,T897
Shaggy,1,T897
Shake Shake Go,1,T897
Shawn Hook,1,T897
Shawn Kerr,1,T897
Shelby Merry,1,T897
Shelley FKA DRAM,1,T897
Sheppard,1,T897
Sheryl Crow,1,T897
Shontelle,1,T897
Shortly,1,T897
Shura,1,T897
Shwayze,1,T897
SiR,1,T897
Sickick,1,T897
Silver Trees,1,T897
Simon R. Berckelman,1,T897
Sinik,1,T897
Skeme,1,T897
Ski Mask The Slump God,1,T897
Skip Marley,1,T897
Skunk Anansie,1,T897
Sleeping At Last,1,T897
Sleepy Brown,1,T897
Slim Jxmmi,1,T897
Smokey Robinson,1,T897
Smooky MarGielaa,1,T897
Snakehips,1,T897
Snow,1,T897
Snow Patrol,1,T897
Social Club Misfits,1,T897
Sofi Tukker,1,T897
SomeKindaWonderful,1,T897
Sonyae,1,T897
Soul Khan,1,T897
Sound,1,T897
Spark Master Tape,1,T897
Speedy Ortiz,1,T897
Stadiumx,1,T897
Stalking Gia,1,T897
Stalley,1,T897
Starsmith,1,T897
Stephen Puth,1,T897
Stephen Speaks,1,T897
Steve Angello,1,T897
Steve Kazee,1,T897
Stevie Nicks,1,T897
Stevie Wonder,1,T897
Still Parade,1,T897
Stromae,1,T897
Strong Arm Steady,1,T897
Styles Of Beyond,1,T897
Su Lee,1,T897
Suffa,1,T897
Summer Heart,1,T897
Surf Mesa,1,T897
Surfer Blood,1,T897
Susanne Sundfør,1,T897
Swarmz,1,T897
Swedish House Mafia,1,T897
Sweetfire,1,T897
Swiss Lips,1,T897
SwizZz,1,T897
Syd,1,T897
Sylvain Armand,1,T897
Synyster Gates,1,T897
T.F,1,T897
TEEMID,1,T897
TGT,1,T897
THE SCOTTS,1,T897
THE SOCIAL,1,T897
THEY.,1,T897
TJR,1,T897
TLC,1,T897
TOKiMONSTA,1,T897
TT Spry,1,T897
Tablo,1,T897
Tame Impala,1,T897
Tamer Hosny,1,T897
Tank,1,T897
Tanna Leone,1,T897
Tapioca and the Flea,1,T897
Tarrus Riley,1,T897
Taylor Berrett,1,T897
Taylor Goldsmith,1,T897
Taylor Phelan,1,T897
Tegan Quin,1,T897
Tegan and Sara,1,T897
Tep No,1,T897
Terri B!,1,T897
Tessa Violet,1,T897
That's Nice,1,T897
The 1978ers (yU & Slimkat),1,T897
The Airborne Toxic Event,1,T897
The Arcadian Wild,1,T897
The Backseat Lovers,1,T897
The Band CAMINO,1,T897
The Boys Choir Of Harlem,1,T897
The Carters,1,T897
The Chain Gang Of 1974,1,T897
The Chevin,1,T897
The Chicks,1,T897
The Civil Wars,1,T897
The Classic Crime,1,T897
The Collection,1,T897
The Districts,1,T897
The Dunwells,1,T897
The Federal Empire,1,T897
The Free Nationals United Fellowship Choir,1,T897
The Gemma Sharples Quartet,1,T897
The Heavytrackerz,1,T897
The Hunna,1,T897
The Hunts,1,T897
The Kings Dead,1,T897
The Kite String Tangle,1,T897
The LOX,1,T897
The Last Artful,1,T897
The Low Down,1,T897
The Milk Carton Kids,1,T897
The National,1,T897
The Notorious B.I.G.,1,T897
The Observer,1,T897
The Piano Guys,1,T897
The Revivalists,1,T897
The RockAteers,1,T897
The Rooftop Boys,1,T897
The Six,1,T897
The Soul Rebels,1,T897
The Strumbellas,1,T897
The Sweeplings,1,T897
The Vamps,1,T897
The White Stripes,1,T897
The Wild,1,T897
The World,1,T897
The Young Romans,1,T897
Thomas Headon,1,T897
Thomston,1,T897
Three Days Grace,1,T897
Thundatraxx,1,T897
Tiara,1,T897
Tim McMorris,1,T897
Timan Family Choir,1,T897
Tiziano Ferro,1,T897
Tobias Jesso Jr.,1,T897
Tom Chaplin,1,T897
Tom Odell,1,T897
Tomas Barfod,1,T897
Tommee Profitt,1,T897
Tony Fadd,1,T897
Tony Junior,1,T897
Towkio,1,T897
Traffic,1,T897
Travie McCoy,1,T897
Travis Atreo,1,T897
Travis Van Hoff,1,T897
Trevor Daniel,1,T897
Trevor Guthrie,1,T897
Trick Trick,1,T897
Trinidad James,1,T897
Tripl3 Threat,1,T897
Trippie Redd,1,T897
Tristan Prettyman,1,T897
Troi Irons,1,T897
Trouble,1,T897
Ty Farris,1,T897
Tyde,1,T897
Tyler Farr,1,T897
Tyler Hubbard,1,T897
Tyler Shaw,1,T897
Tyler Sheritt,1,T897
Tyler Thomas,1,T897
Tyler Ward,1,T897
Tyrone Wells,1,T897
UGK,1,T897
UNKLE,1,T897
UPSAHL,1,T897
UZi,1,T897
VASSY,1,T897
Valleyheart,1,T897
Van Ness Wu,1,T897
Vanessa Carlton,1,T897
Vanessa Hudgens,1,T897
Vedo,1,T897
Vegas Jones,1,T897
Veronica Ballestrini,1,T897
Versvs,1,T897
Vika Jigulina,1,T897
Vince Gill,1,T897
Vinyl Theatre,1,T897
WALLA,1,T897
WATT,1,T897
WILD,1,T897
WOOF! IT'S BILLY,1,T897
Waka Flocka Flame,1,T897
Wakey!Wakey!,1,T897
Wallows,1,T897
Wanz,1,T897
Ward Thomas,1,T897
Warpaint,1,T897
Watsky,1,T897
We Are KING,1,T897
We Are The City,1,T897
Weezer,1,T897
Weyes Blood,1,T897
Whitaker,1,T897
White Sea,1,T897
Who Is Fancy,1,T897
Whole Doubts,1,T897
Why Don't We,1,T897
Wiki,1,T897
Wildlife,1,T897
Wiley,1,T897
Will Dailey,1,T897
Will Heard,1,T897
Will Robert,1,T897
Willie Nelson,1,T897
Wisin,1,T897
WizKid,1,T897
Wordsplayed,1,T897
Wretch 32,1,T897
Xperience,1,T897
Y2K,1,T897
YFN Lucci,1,T897
YG Hootie,1,T897
YNW Melly,1,T897
Yaeji,1,T897
Yeasayer,1,T897
Yebba,1,T897
Young Chop,1,T897
Young Lions,1,T897
Young Money,1,T897
Young Sinatra,1,T897
Youngblood Hawke,1,T897
Yuna,1,T897
Yung Gleesh,1,T897
Yuno,1,T897
ZZ Ward,1,T897
Zach Berkman,1,T897
Zach Bolen,1,T897
Zachary Stein,1,T897
Zack De La Rocha,1,T897
Zander Hawley,1,T897
Zara Larsson,1,T897
Zeph Ellis,1,T897
beabadoobee,1,T897
blink-182,1,T897
bülow,1,T897
carobae,1,T897
chloe moriondo,1,T897
courtship.,1,T897
dazy,1,T897
eeeeeeee,1,T897
eleventyseven,1,T897
emma løv,1,T897
flor,1,T897
flowerovlove,1,T897
jxdn,1,T897
kai,1,T897
khai dreams,1,T897
kiLL edward,1,T897
late night drive home,1,T897
mojo,1,T897
morgxn,1,T897
rhetorik,1,T897
sad alex,1,T897
sammy rash,1,T897
shndō,1,T897
slnm,1,T897
theMIND,1,T897
tyDi,1,T897
¡MAYDAY!,1,T897
Ólafur Arnalds,1,T897
